year,chunk_id,chunk_type,stt,current_code,corrected_code_recommendation,current_name,corrected_name_recommendation,issue_type,evidence_snippet
2022,2022_diem-chuan_dai-hoc-chinh-quy_t000_r001,table_row,1,748020101,,nghệ thông tin (chuyên ngành nghệ tin) Công Công thông,,"Lỗi chính tả OCR tiêu đề mục: dào ta0 dại trà -> Chương trình đào tạo đại trà; Lỗi OCR điểm hoặc tên cột (tiipt, [5, diemn); Tên ngành bị OCR vỡ/lặp chữ hoặc trôi từ",[Năm 2022 | Hệ Đại học chính quy | Chưong trinh dào ta0 dại trà] Ngành (chuyên ngành): nghệ thông tin (chuyên ngành nghệ tin) Công Công thông. Ma ngảnh: 7480201
2022,2022_diem-chuan_dai-hoc-chinh-quy_t000_r002,table_row,2,748020103,,nghệ thông tin (chuyen ngành Hệ thông tin quản lý) Công,,"Lỗi chính tả OCR tiêu đề mục: dào ta0 dại trà -> Chương trình đào tạo đại trà; Lỗi OCR điểm hoặc tên cột (tiipt, [5, diemn)",[Năm 2022 | Hệ Đại học chính quy | Chưong trinh dào ta0 dại trà] Ngành (chuyên ngành): nghệ thông tin (chuyen ngành Hệ thông tin quản lý) Công. Ma ngảnh: 748020
2022,2022_diem-chuan_dai-hoc-chinh-quy_t000_r003,table_row,3,748020102,,nghệ thông tin (chuyên ngành Công,,"Lỗi chính tả OCR tiêu đề mục: dào ta0 dại trà -> Chương trình đào tạo đại trà; Lỗi OCR điểm hoặc tên cột (tiipt, [5, diemn)",[Năm 2022 | Hệ Đại học chính quy | Chưong trinh dào ta0 dại trà] Ngành (chuyên ngành): nghệ thông tin (chuyên ngành Công. Ma ngảnh: 748020102. Đỉểm chuan hoc ba
2022,2022_diem-chuan_dai-hoc-chinh-quy_t000_r004,table_row,,784010611,,Khoa học hàng ngành,,"Lỗi chính tả OCR tiêu đề mục: dào ta0 dại trà -> Chương trình đào tạo đại trà; Lỗi OCR điểm hoặc tên cột (tiipt, [5, diemn)",[Năm 2022 | Hệ Đại học chính quy | Chưong trinh dào ta0 dại trà] Ngành (chuyên ngành): Khoa học hàng ngành. Ma ngảnh: 784010611. Đỉểm chuan hoc ba trúng tuyển: 
2022,2022_diem-chuan_dai-hoc-chinh-quy_t000_r005,table_row,5,78401066,,Khoa hục háng,,"Lỗi chính tả OCR tiêu đề mục: dào ta0 dại trà -> Chương trình đào tạo đại trà; Lỗi OCR điểm hoặc tên cột (tiipt, [5, diemn)",[Năm 2022 | Hệ Đại học chính quy | Chưong trinh dào ta0 dại trà] Ngành (chuyên ngành): Khoa hục háng. Ma ngảnh: 78401066. Đỉểm chuan hoc ba trúng tuyển: 20. Điễ
2022,2022_diem-chuan_dai-hoc-chinh-quy_t000_r006,table_row,6,784010607,,Khoa hoc hải (chuyên ngành Khai thác máy tàu và thuật) quản,,"Lỗi chính tả OCR tiêu đề mục: dào ta0 dại trà -> Chương trình đào tạo đại trà; Lỗi OCR điểm hoặc tên cột (tiipt, [5, diemn)",[Năm 2022 | Hệ Đại học chính quy | Chưong trinh dào ta0 dại trà] Ngành (chuyên ngành): Khoa hoc hải (chuyên ngành Khai thác máy tàu và thuật) quản. Ma ngảnh: 78
2022,2022_diem-chuan_dai-hoc-chinh-quy_t001_r001,table_row,,Khoa,,784010608,,Lỗi chính tả OCR tiêu đề mục: dào ta0 dại trà -> Chương trình đào tạo đại trà,[Năm 2022 | Hệ Đại học chính quy | Chưong trinh dào ta0 dại trà] Mã xét tuyển: Khoa hpc hải (chuyen ngành hảng. Ngành/Chuyên ngành đào tạo: 784010608. trúng tuy
2022,2022_diem-chuan_dai-hoc-chinh-quy_t001_r002,table_row,8,h,,784010610,,Lỗi chính tả OCR tiêu đề mục: dào ta0 dại trà -> Chương trình đào tạo đại trà,[Năm 2022 | Hệ Đại học chính quy | Chưong trinh dào ta0 dại trà] Mã xét tuyển: hải) hàng hàng. Ngành/Chuyên ngành đào tạo: 784010610. trúng tuyển: 18. Nguồn: ht
2022,2022_diem-chuan_dai-hoc-chinh-quy_t001_r003,table_row,9,Qu,,784010609,,Lỗi chính tả OCR tiêu đề mục: dào ta0 dại trà -> Chương trình đào tạo đại trà,[Năm 2022 | Hệ Đại học chính quy | Chưong trinh dào ta0 dại trà] Mã xét tuyển: Quản lý và logistics) hàng cảng. Ngành/Chuyên ngành đào tạo: 784010609. trúng tuy
2022,2022_diem-chuan_dai-hoc-chinh-quy_t001_r004,table_row,,h,,784010604,,Lỗi chính tả OCR tiêu đề mục: dào ta0 dại trà -> Chương trình đào tạo đại trà,[Năm 2022 | Hệ Đại học chính quy | Chưong trinh dào ta0 dại trà] Mã xét tuyển: hải) hang hàng. Ngành/Chuyên ngành đào tạo: 784010604. trúng tuyển: 24. trúng thi
2022,2022_diem-chuan_dai-hoc-chinh-quy_t001_r005,table_row,11,l,,7520103,,Lỗi chính tả OCR tiêu đề mục: dào ta0 dại trà -> Chương trình đào tạo đại trà,[Năm 2022 | Hệ Đại học chính quy | Chưong trinh dào ta0 dại trà] Mã xét tuyển: lý vẳ khai thác Máy xếp dỡ Xây. Ngành/Chuyên ngành đào tạo: 7520103. trúng tuyển:
2022,2022_diem-chuan_dai-hoc-chinh-quy_t001_r006,table_row,12,ng,,7520201,,Lỗi chính tả OCR tiêu đề mục: dào ta0 dại trà -> Chương trình đào tạo đại trà,[Năm 2022 | Hệ Đại học chính quy | Chưong trinh dào ta0 dại trà] Mã xét tuyển: ngành diện giao thông; chuyên nganh thống. Ngành/Chuyên ngành đào tạo: 7520201. t
2022,2022_diem-chuan_dai-hoc-chinh-quy_t001_r007,table_row,13,K,,7520207,,Lỗi chính tả OCR tiêu đề mục: dào ta0 dại trà -> Chương trình đào tạo đại trà,[Năm 2022 | Hệ Đại học chính quy | Chưong trinh dào ta0 dại trà] Mã xét tuyển: Kỷ Lhual tỉ vizn. Ngành/Chuyên ngành đào tạo: 7520207. trúng tuyển: 22. trúng thi
2022,2022_diem-chuan_dai-hoc-chinh-quy_t001_r008,table_row,14.,h,,7520216,,Lỗi chính tả OCR tiêu đề mục: dào ta0 dại trà -> Chương trình đào tạo đại trà,[Năm 2022 | Hệ Đại học chính quy | Chưong trinh dào ta0 dại trà] Mã xét tuyển: hóa nghi#p) dộng công. Ngành/Chuyên ngành đào tạo: 7520216. trúng tuyển: 25.5. tr
2022,2022_diem-chuan_dai-hoc-chinh-quy_t001_r009,table_row,15,K,,7520320,,Lỗi chính tả OCR tiêu đề mục: dào ta0 dại trà -> Chương trình đào tạo đại trà,[Năm 2022 | Hệ Đại học chính quy | Chưong trinh dào ta0 dại trà] Mã xét tuyển: Kỹ thuat môi truờng. Ngành/Chuyên ngành đào tạo: 7520320. trúng tuyển: 18.9. Nguồ
2022,2022_diem-chuan_dai-hoc-chinh-quy_t001_r010,table_row,"16,",l,,752013002,,Lỗi chính tả OCR tiêu đề mục: dào ta0 dại trà -> Chương trình đào tạo đại trà,[Năm 2022 | Hệ Đại học chính quy | Chưong trinh dào ta0 dại trà] Mã xét tuyển: lử ô tô). Ngành/Chuyên ngành đào tạo: 752013002. trúng tuyển: 26. trúng thi THPT:
2022,2022_diem-chuan_dai-hoc-chinh-quy_t001_r011,table_row,,C,,752013001,,Lỗi chính tả OCR tiêu đề mục: dào ta0 dại trà -> Chương trình đào tạo đại trà,[Năm 2022 | Hệ Đại học chính quy | Chưong trinh dào ta0 dại trà] Mã xét tuyển: Cơ khi ngành. Ngành/Chuyên ngành đào tạo: 752013001. trúng tuyển: 26. trúng thi T
2022,2022_diem-chuan_dai-hoc-chinh-quy_t001_r012,table_row,18.,trinh,,7520122,,Lỗi chính tả OCR tiêu đề mục: dào ta0 dại trà -> Chương trình đào tạo đại trà,[Năm 2022 | Hệ Đại học chính quy | Chưong trinh dào ta0 dại trà] Mã xét tuyển: trinh   nổi quản lý hệ thống công nghiệp) công. Ngành/Chuyên ngành đào tạo: 75201
2022,2022_diem-chuan_dai-hoc-chinh-quy_t001_r013,table_row,19,K,,758020],,Lỗi chính tả OCR tiêu đề mục: dào ta0 dại trà -> Chương trình đào tạo đại trà,[Năm 2022 | Hệ Đại học chính quy | Chưong trinh dào ta0 dại trà] Mã xét tuyển: Kỹ thuật xây dung (chuyen ngành Xày dung dân dung và nghisp; công. Ngành/Chuyên n
2022,2022_diem-chuan_dai-hoc-chinh-quy_t002_r001,table_row,,,,Công móng công,,Lỗi chính tả OCR tiêu đề mục: dào ta0 dại trà -> Chương trình đào tạo đại trà; Tên ngành bị OCR vỡ/lặp chữ hoặc trôi từ,[Năm 2022 | Hệ Đại học chính quy | Chưong trinh dào ta0 dại trà] Ngành (chuyên ngành): Công móng công. Nguồn: https://tuyensinh.ut.edu.vn/dai-hoc-chinh-quy/ | h
2022,2022_diem-chuan_dai-hoc-chinh-quy_t002_r002,table_row,20,7580205,,7580205,,"Lỗi chính tả OCR tiêu đề mục: dào ta0 dại trà -> Chương trình đào tạo đại trà; Lỗi OCR điểm hoặc tên cột (tiipt, [5, diemn); Tên ngành bị OCR vỡ/lặp chữ hoặc trôi từ",[Năm 2022 | Hệ Đại học chính quy | Chưong trinh dào ta0 dại trà] Ngành (chuyên ngành): Kỹ thuật xây dung trinh giao dường bộ; chuyen ngánh Xây dung trinh giao t
2022,2022_diem-chuan_dai-hoc-chinh-quy_t002_r003,table_row,,7580202,,7580202,,"Lỗi chính tả OCR tiêu đề mục: dào ta0 dại trà -> Chương trình đào tạo đại trà; Lỗi OCR điểm hoặc tên cột (tiipt, [5, diemn)",[Năm 2022 | Hệ Đại học chính quy | Chưong trinh dào ta0 dại trà] Ngành (chuyên ngành): Kỹ Lhuật xây trinh thủy (chuyen ngành Xây dyng và lý trinh giao thông thủ
2022,2022_diem-chuan_dai-hoc-chinh-quy_t002_r004,table_row,22,751060502,,751060502,,"Lỗi chính tả OCR tiêu đề mục: dào ta0 dại trà -> Chương trình đào tạo đại trà; Lỗi OCR điểm hoặc tên cột (tiipt, [5, diemn)",[Năm 2022 | Hệ Đại học chính quy | Chưong trinh dào ta0 dại trà] Ngành (chuyên ngành): Logistics và Quản lý chuỗi cung (chuyen ngành Logistics và quản lý chuỗi 
2022,2022_diem-chuan_dai-hoc-chinh-quy_t002_r005,table_row,23,751060501,,751060501,,"Lỗi chính tả OCR tiêu đề mục: dào ta0 dại trà -> Chương trình đào tạo đại trà; Lỗi OCR điểm hoặc tên cột (tiipt, [5, diemn)",[Năm 2022 | Hệ Đại học chính quy | Chưong trinh dào ta0 dại trà] Ngành (chuyên ngành): Logistics và Quản lý chuỗi cung ứng (chuyên ngành Quản trị Logistics và. 
2022,2022_diem-chuan_dai-hoc-chinh-quy_t002_r006,table_row,24.,7480102,,7480102,,"Lỗi chính tả OCR tiêu đề mục: dào ta0 dại trà -> Chương trình đào tạo đại trà; Lỗi OCR điểm hoặc tên cột (tiipt, [5, diemn)",[Năm 2022 | Hệ Đại học chính quy | Chưong trinh dào ta0 dại trà] Ngành (chuyên ngành): Mang máy tính và licu thông. ngành: 7480102. chuẩn trúng tuyển: 22. chuan
2022,2022_diem-chuan_dai-hoc-chinh-quy_t002_r007,table_row,,722020],7220201,722020],,"Lỗi chính tả OCR tiêu đề mục: dào ta0 dại trà -> Chương trình đào tạo đại trà; Lỗi OCR mã ngành (722020] -> 7220201); Lỗi OCR điểm hoặc tên cột (tiipt, [5, diemn)",[Năm 2022 | Hệ Đại học chính quy | Chưong trinh dào ta0 dại trà] ngành: 722020]. chuẩn trúng tuyển: 23. chuan trúng đỉểm thi TIIPT tuyễn: 17. Nguồn: https://tuy
2022,2022_diem-chuan_dai-hoc-chinh-quy_t002_r008,table_row,26,7840101,,7840101,,"Lỗi chính tả OCR tiêu đề mục: dào ta0 dại trà -> Chương trình đào tạo đại trà; Lỗi OCR điểm hoặc tên cột (tiipt, [5, diemn)",[Năm 2022 | Hệ Đại học chính quy | Chưong trinh dào ta0 dại trà] Ngành (chuyên ngành): Khai. ngành: 7840101. chuẩn trúng tuyển: 26.5. chuan trúng đỉểm thi TIIPT
2022,2022_diem-chuan_dai-hoc-chinh-quy_t002_r009,table_row,27 .,784010401,,784010401,,"Lỗi chính tả OCR tiêu đề mục: dào ta0 dại trà -> Chương trình đào tạo đại trà; Lỗi OCR điểm hoặc tên cột (tiipt, [5, diemn)",[Năm 2022 | Hệ Đại học chính quy | Chưong trinh dào ta0 dại trà] ngành: 784010401. chuẩn trúng tuyển: 26.5. chuan trúng đỉểm thi TIIPT tuyễn: 15. Nguồn: https:/
2022,2022_diem-chuan_dai-hoc-chinh-quy_t002_r010,table_row,28.,784010402,,784010402,,Lỗi chính tả OCR tiêu đề mục: dào ta0 dại trà -> Chương trình đào tạo đại trà,[Năm 2022 | Hệ Đại học chính quy | Chưong trinh dào ta0 dại trà] Ngành (chuyên ngành): tế vận tải không) hàng. ngành: 784010402. chuẩn trúng tuyển: 23.5. Nguồn:
2022,2022_diem-chuan_dai-hoc-chinh-quy_t002_r011,table_row,29,758u30103,758030103,758u30103,,"Lỗi chính tả OCR tiêu đề mục: dào ta0 dại trà -> Chương trình đào tạo đại trà; Lỗi OCR mã ngành (758u30103 -> 758030103); Lỗi OCR điểm hoặc tên cột (tiipt, [5, diemn)",[Năm 2022 | Hệ Đại học chính quy | Chưong trinh dào ta0 dại trà] Ngành (chuyên ngành): Kinh tế xây dựng (chuyên ngành lỷ bất quản dộng. ngành: 758u30103. chuẩn 
2022,2022_diem-chuan_dai-hoc-chinh-quy_t003_r001,table_row,30,758030101,,758030101,,Lỗi chính tả OCR tiêu đề mục: dào ta0 dại trà -> Chương trình đào tạo đại trà,[Năm 2022 | Hệ Đại học chính quy | Chưong trinh dào ta0 dại trà] Ngảnh (chuyên ngành): Kinh  tế xây dyng (chuyên nganh. ngành: 758030101. Đilm chuin hoc ba trún
2022,2022_diem-chuan_dai-hoc-chinh-quy_t003_r002,table_row,31,758030102,,758030102,,Lỗi chính tả OCR tiêu đề mục: dào ta0 dại trà -> Chương trình đào tạo đại trà,[Năm 2022 | Hệ Đại học chính quy | Chưong trinh dào ta0 dại trà] Ngảnh (chuyên ngành): Quán lý dự an xáy dung) nganh. ngành: 758030102. Đilm chuin hoc ba trúng:
2022,2022_diem-chuan_dai-hoc-chinh-quy_t004_r001,table_row,,ngh,,nghệ thông tin (chuyên ngành tin) chuong trinh chất luợng cao Công Cóng nghệ thông,,Lỗi chính tả OCR tiêu đề mục: Iưpng cao -> Chương trình đào tạo chất lượng cao,[Năm 2022 | Hệ Đại học chính quy | II Chưong trinh đào tao chất Iưpng cao] Ngànhlchuyên ngành: nghệ thông tin (chuyên ngành tin) chuong trinh chất luợng cao Côn
2022,2022_diem-chuan_dai-hoc-chinh-quy_t004_r002,table_row,2,H,,Hệ thông tin quản lý) - chương Công thống,,Lỗi chính tả OCR tiêu đề mục: Iưpng cao -> Chương trình đào tạo chất lượng cao,[Năm 2022 | Hệ Đại học chính quy | II Chưong trinh đào tao chất Iưpng cao] Ngànhlchuyên ngành: Hệ thông tin quản lý) - chương Công thống. trúng tuyễn: 20. Điểm 
2022,2022_diem-chuan_dai-hoc-chinh-quy_t004_r003,table_row,3.,Khoa,,7480201O2H,,Lỗi chính tả OCR tiêu đề mục: Iưpng cao -> Chương trình đào tạo chất lượng cao,[Năm 2022 | Hệ Đại học chính quy | II Chưong trinh đào tao chất Iưpng cao] Ngànhlchuyên ngành: Khoa hoc dữ licu) - chuong trinh chất Công nghệ. Ngành/Chuyên ngà
2022,2022_diem-chuan_dai-hoc-chinh-quy_t004_r004,table_row,,Khoa,,784010611H,,Lỗi chính tả OCR tiêu đề mục: Iưpng cao -> Chương trình đào tạo chất lượng cao,[Năm 2022 | Hệ Đại học chính quy | II Chưong trinh đào tao chất Iưpng cao] Ngànhlchuyên ngành: Khoa hgc hải (chuyên ngảnh hang. Ngành/Chuyên ngành đào tạo: 7840
2022,2022_diem-chuan_dai-hoc-chinh-quy_t004_r005,table_row,,Khoa,,784010606H,,Lỗi chính tả OCR tiêu đề mục: Iưpng cao -> Chương trình đào tạo chất lượng cao,[Năm 2022 | Hệ Đại học chính quy | II Chưong trinh đào tao chất Iưpng cao] Ngànhlchuyên ngành: Khoa hpc chuong trinh chất lượng cao hàng. Ngành/Chuyên ngành đào
2022,2022_diem-chuan_dai-hoc-chinh-quy_t004_r006,table_row,6,Khai,,784010607H,,Lỗi chính tả OCR tiêu đề mục: Iưpng cao -> Chương trình đào tạo chất lượng cao,[Năm 2022 | Hệ Đại học chính quy | II Chưong trinh đào tao chất Iưpng cao] Ngànhlchuyên ngành: Khai thác tảu thủy và lý kỹ hàng quan. Ngành/Chuyên ngành đào tạo
2022,2022_diem-chuan_dai-hoc-chinh-quy_t004_r007,table_row,7,Khoa,,784010610H,,Lỗi chính tả OCR tiêu đề mục: Iưpng cao -> Chương trình đào tạo chất lượng cao,[Năm 2022 | Hệ Đại học chính quy | II Chưong trinh đào tao chất Iưpng cao] Ngànhlchuyên ngành: Khoa và chính sách hai) chuong trinh chất luong cao học hảng. Ngà
2022,2022_diem-chuan_dai-hoc-chinh-quy_t005_r001,table_row,8,Khoa,,784010609H,,"Lỗi chính tả OCR tiêu đề mục: Iưpng cao -> Chương trình đào tạo chất lượng cao; Lỗi OCR điểm hoặc tên cột (tiipt, [5, diemn)",[Năm 2022 | Hệ Đại học chính quy | II Chưong trinh đào tao chất Iưpng cao] Ngànhchuyên ngành: Khoa học hải (chuyên Quản lý và logistics) chuong trinh chất luong
2022,2022_diem-chuan_dai-hoc-chinh-quy_t005_r002,table_row,9,Khoa,,784010604H,,"Lỗi chính tả OCR tiêu đề mục: Iưpng cao -> Chương trình đào tạo chất lượng cao; Lỗi OCR điểm hoặc tên cột (tiipt, [5, diemn)",[Năm 2022 | Hệ Đại học chính quy | II Chưong trinh đào tao chất Iưpng cao] Ngànhchuyên ngành: Khoa học Quản lý luong cao hang. Ngành/Chuyên ngành đào tạo: 78401
2022,2022_diem-chuan_dai-hoc-chinh-quy_t005_r003,table_row,10.,,,,,"Lỗi chính tả OCR tiêu đề mục: Iưpng cao -> Chương trình đào tạo chất lượng cao; Dòng bị thiếu identifier ngành hoặc mã trong parser; Lỗi OCR điểm hoặc tên cột (tiipt, [5, diemn)",[Năm 2022 | Hệ Đại học chính quy | II Chưong trinh đào tao chất Iưpng cao] trúng: 21. trúng diemn thi THPT tuyên: 15. Nguồn: https://tuyensinh.ut.edu.vn/dai-hoc
2022,2022_diem-chuan_dai-hoc-chinh-quy_t005_r004,table_row,11,cao,,752010301H1,,"Lỗi chính tả OCR tiêu đề mục: Iưpng cao -> Chương trình đào tạo chất lượng cao; Lỗi OCR điểm hoặc tên cột (tiipt, [5, diemn)",[Năm 2022 | Hệ Đại học chính quy | II Chưong trinh đào tao chất Iưpng cao] Ngànhchuyên ngành: cao. Ngành/Chuyên ngành đào tạo: 752010301H1. trúng: 21. trúng die
2022,2022_diem-chuan_dai-hoc-chinh-quy_t005_r005,table_row,12,K,,7520207H,,"Lỗi chính tả OCR tiêu đề mục: Iưpng cao -> Chương trình đào tạo chất lượng cao; Lỗi OCR điểm hoặc tên cột (tiipt, [5, diemn)",[Năm 2022 | Hệ Đại học chính quy | II Chưong trinh đào tao chất Iưpng cao] Ngànhchuyên ngành: Kỹ thuật   diỆn. Ngành/Chuyên ngành đào tạo: 7520207H. trúng: 19. 
2022,2022_diem-chuan_dai-hoc-chinh-quy_t005_r006,table_row,13,h,,7520216H,,Lỗi chính tả OCR tiêu đề mục: Iưpng cao -> Chương trình đào tạo chất lượng cao,[Năm 2022 | Hệ Đại học chính quy | II Chưong trinh đào tao chất Iưpng cao] Ngànhchuyên ngành: hóa dộng. Ngành/Chuyên ngành đào tạo: 7520216H. trúng: 19. Nguồn: 
2022,2022_diem-chuan_dai-hoc-chinh-quy_t005_r007,table_row,"14,",chuong,,758020IH,,"Lỗi chính tả OCR tiêu đề mục: Iưpng cao -> Chương trình đào tạo chất lượng cao; Lỗi OCR điểm hoặc tên cột (tiipt, [5, diemn)",[Năm 2022 | Hệ Đại học chính quy | II Chưong trinh đào tao chất Iưpng cao] Ngànhchuyên ngành: chuong trinh. Ngành/Chuyên ngành đào tạo: 758020IH. trúng: 18. trú
2022,2022_diem-chuan_dai-hoc-chinh-quy_t005_r008,table_row,13,K,,75802050IH,,"Lỗi chính tả OCR tiêu đề mục: Iưpng cao -> Chương trình đào tạo chất lượng cao; Lỗi OCR điểm hoặc tên cột (tiipt, [5, diemn)",[Năm 2022 | Hệ Đại học chính quy | II Chưong trinh đào tao chất Iưpng cao] Ngànhchuyên ngành: Kỹ thuật xây dyng trinh  giao (chuyên đưởng) Cao công ngànl. Ngành
2022,2022_diem-chuan_dai-hoc-chinh-quy_t005_r009,table_row,16.,Khai,,Khai thác Logislics và lý chuỗi cung ứng) quan,,"Lỗi chính tả OCR tiêu đề mục: Iưpng cao -> Chương trình đào tạo chất lượng cao; Lỗi OCR điểm hoặc tên cột (tiipt, [5, diemn)",[Năm 2022 | Hệ Đại học chính quy | II Chưong trinh đào tao chất Iưpng cao] Ngànhchuyên ngành: Khai thác Logislics và lý chuỗi cung ứng) quan. trúng: 22. trúng d
2022,2022_diem-chuan_dai-hoc-chinh-quy_t005_r010,table_row,17,Khai,,Khai chuong trinh chất luong cao,,"Lỗi chính tả OCR tiêu đề mục: Iưpng cao -> Chương trình đào tạo chất lượng cao; Lỗi OCR điểm hoặc tên cột (tiipt, [5, diemn)",[Năm 2022 | Hệ Đại học chính quy | II Chưong trinh đào tao chất Iưpng cao] Ngànhchuyên ngành: Khai chuong trinh chất luong cao. trúng: 19. trúng diemn thi THPT 
2022,2022_diem-chuan_dai-hoc-chinh-quy_t005_r011,table_row,18,Khai,,Khai Ihác   vận tải   (chuyên Quản trj   Logistics và van da ngảnh,,"Lỗi chính tả OCR tiêu đề mục: Iưpng cao -> Chương trình đào tạo chất lượng cao; Lỗi OCR điểm hoặc tên cột (tiipt, [5, diemn)",[Năm 2022 | Hệ Đại học chính quy | II Chưong trinh đào tao chất Iưpng cao] Ngànhchuyên ngành: Khai Ihác   vận tải   (chuyên Quản trj   Logistics và van da ngảnh
2022,2022_diem-chuan_dai-hoc-chinh-quy_t006_r001,table_row,,phong,,phong thúc) chuong   trinh Juong cao,,Lỗi chính tả OCR tiêu đề mục: Iưpng cao -> Chương trình đào tạo chất lượng cao,[Năm 2022 | Hệ Đại học chính quy | II Chưong trinh đào tao chất Iưpng cao] Ngànhchuyen ngành: phong thúc) chuong   trinh Juong cao. Nguồn: https://tuyensinh.ut.
2022,2022_diem-chuan_dai-hoc-chinh-quy_t006_r002,table_row,19,Kinh,,78401040[H,,Lỗi chính tả OCR tiêu đề mục: Iưpng cao -> Chương trình đào tạo chất lượng cao,[Năm 2022 | Hệ Đại học chính quy | II Chưong trinh đào tao chất Iưpng cao] Ngànhchuyen ngành: Kinh chuong trinh chất Iưong cao. Mà ngành: 78401040[H. chuan tuyể
2022,2022_diem-chuan_dai-hoc-chinh-quy_t006_r003,table_row,20,kh,,784010402H,,Lỗi chính tả OCR tiêu đề mục: Iưpng cao -> Chương trình đào tạo chất lượng cao,[Năm 2022 | Hệ Đại học chính quy | II Chưong trinh đào tao chất Iưpng cao] Ngànhchuyen ngành: khẩng) - chuong trinh. Mà ngành: 784010402H. chuan tuyển trúng: 19
2022,2022_diem-chuan_dai-hoc-chinh-quy_t006_r004,table_row,21.,qu,,quản,,"Lỗi chính tả OCR tiêu đề mục: Iưpng cao -> Chương trình đào tạo chất lượng cao; Lỗi OCR điểm hoặc tên cột (tiipt, [5, diemn); Tên ngành bị OCR vỡ/lặp chữ hoặc trôi từ",[Năm 2022 | Hệ Đại học chính quy | II Chưong trinh đào tao chất Iưpng cao] Ngànhchuyen ngành: quản. chuan tuyển trúng: 19. tuyên diém thi THPT trúng: [5. Nguồn:
2022,2022_diem-chuan_dai-hoc-chinh-quy_t006_r005,table_row,22,Kinl,,Kinl   té luong cao,,Lỗi chính tả OCR tiêu đề mục: Iưpng cao -> Chương trình đào tạo chất lượng cao,"[Năm 2022 | Hệ Đại học chính quy | II Chưong trinh đào tao chất Iưpng cao] Ngànhchuyen ngành: Kinl   té luong cao. chuan tuyển trúng: 19,4. tuyên diém thi THPT "
2022,2022_diem-chuan_dai-hoc-chinh-quy_t006_r006,table_row,23,chuong,,chuong trinl chất lượng cao ngành,,Lỗi chính tả OCR tiêu đề mục: Iưpng cao -> Chương trình đào tạo chất lượng cao,[Năm 2022 | Hệ Đại học chính quy | II Chưong trinh đào tao chất Iưpng cao] Ngànhchuyen ngành: chuong trinl chất lượng cao ngành. chuan tuyển trúng: 19. tuyên di
2022,2022_diem-chuan_dai-hoc-chinh-quy_txt_s003,text,,,,,,Lỗi chính tả OCR tiêu đề mục: Iưpng cao -> Chương trình đào tạo chất lượng cao,"[Năm 2022 | Hệ Đại học chính quy | II Chưong trinh đào tao chất Iưpng cao] 2 Mi ~ > Wcbsite (đe vh); Luu; VT, PĐT (Trang; 03b). TM: HOFONG TUYẺN SINH TM: HOFONG"
2024,2024_diem-chuan_dai-hoc-chinh-quy_t000_r001,table_row,1.,7220201,,Ngôn ngữ Anh,,Mất tiêu đề cột điểm chuẩn (bị parse thành Cột 4 thay vì Điểm trúng tuyển),[Năm 2024 | Hệ Đại học chính quy | Mức điểm chuẩn của Trường Đại học Giao thông Vận tải TPHCM] sinh: 7220201. Tên ngành/chuyen ngành: Ngôn ngữ Anh. Cột 4: 24.5.
2024,2024_diem-chuan_dai-hoc-chinh-quy_t000_r002,table_row,2,7220201E,,"Ngỏn ngữ Anh (chuyẻn ngành Tiếng anh thuong mại, logistics và vận tải quổc tê) chuong trinh học hoàn toản Anh tiểng",,Mất tiêu đề cột điểm chuẩn (bị parse thành Cột 4 thay vì Điểm trúng tuyển); Lỗi chính tả OCR thanh điệu tiếng Việt,[Năm 2024 | Hệ Đại học chính quy | Mức điểm chuẩn của Trường Đại học Giao thông Vận tải TPHCM] sinh: 7220201E. Tên ngành/chuyen ngành: Ngỏn ngữ Anh (chuyẻn ngàn
2024,2024_diem-chuan_dai-hoc-chinh-quy_t000_r003,table_row,3,7340405A,,Hẻ thổng thông tỉn quán lý chuong trinh tiên tiển,,Mất tiêu đề cột điểm chuẩn (bị parse thành Cột 4 thay vì Điểm trúng tuyển),[Năm 2024 | Hệ Đại học chính quy | Mức điểm chuẩn của Trường Đại học Giao thông Vận tải TPHCM] sinh: 7340405A. Tên ngành/chuyen ngành: Hẻ thổng thông tỉn quán l
2024,2024_diem-chuan_dai-hoc-chinh-quy_t000_r004,table_row,4,7380101,,,,Mất tiêu đề cột điểm chuẩn (bị parse thành Cột 4 thay vì Điểm trúng tuyển); Dòng bị thiếu identifier ngành/mã trong parser,[Năm 2024 | Hệ Đại học chính quy | Mức điểm chuẩn của Trường Đại học Giao thông Vận tải TPHCM] sinh: 7380101. Cột 4: 21. Ghi chú: Điếm năm 2024 là đỉểm 3 môn tr
2024,2024_diem-chuan_dai-hoc-chinh-quy_t000_r005,table_row,5,7460108A,,Khoa hgc dữ lieu chuong trinh tiên tiển,,Mất tiêu đề cột điểm chuẩn (bị parse thành Cột 4 thay vì Điểm trúng tuyển),[Năm 2024 | Hệ Đại học chính quy | Mức điểm chuẩn của Trường Đại học Giao thông Vận tải TPHCM] sinh: 7460108A. Tên ngành/chuyen ngành: Khoa hgc dữ lieu chuong t
2024,2024_diem-chuan_dai-hoc-chinh-quy_t000_r006,table_row,6,74801024,7480102A,máy tinh và truyên dữ lieu (chuyen nganh Mạng máy tinh và truyen mach và Al) thông Mang thòng,,Mất tiêu đề cột điểm chuẩn (bị parse thành Cột 4 thay vì Điểm trúng tuyển); Lỗi OCR đuôi mã ngành: số 4 bị nhận diện nhầm từ chữ A (74801024 -> 7480102A),[Năm 2024 | Hệ Đại học chính quy | Mức điểm chuẩn của Trường Đại học Giao thông Vận tải TPHCM] sinh: 74801024. Tên ngành/chuyen ngành: máy tinh và truyên dữ lie
2024,2024_diem-chuan_dai-hoc-chinh-quy_t000_r007,table_row,7,748020101A,,tin),,Mất tiêu đề cột điểm chuẩn (bị parse thành Cột 4 thay vì Điểm trúng tuyển); Tên ngành bị cắt cụt hoặc trôi từ giữa các dòng,[Năm 2024 | Hệ Đại học chính quy | Mức điểm chuẩn của Trường Đại học Giao thông Vận tải TPHCM] sinh: 748020101A. Tên ngành/chuyen ngành: tin). Cột 4: 21.5. Ghi 
2024,2024_diem-chuan_dai-hoc-chinh-quy_t000_r008,table_row,8,748020101E,,nghệ tin (chuyên ngành nghệ tin) - chuong trinh học hoàn toàn bẳng tiếng Anh Công thông Công thông,,Mất tiêu đề cột điểm chuẩn (bị parse thành Cột 4 thay vì Điểm trúng tuyển),[Năm 2024 | Hệ Đại học chính quy | Mức điểm chuẩn của Trường Đại học Giao thông Vận tải TPHCM] sinh: 748020101E. Tên ngành/chuyen ngành: nghệ tin (chuyên ngành 
2024,2024_diem-chuan_dai-hoc-chinh-quy_t000_r009,table_row,9,748020104A,,tin (chuyển ngành Khoa học dữ liệu và AI) chuong trinh tiên tiến thông,,Mất tiêu đề cột điểm chuẩn (bị parse thành Cột 4 thay vì Điểm trúng tuyển),[Năm 2024 | Hệ Đại học chính quy | Mức điểm chuẩn của Trường Đại học Giao thông Vận tải TPHCM] sinh: 748020104A. Tên ngành/chuyen ngành: tin (chuyển ngành Khoa 
2024,2024_diem-chuan_dai-hoc-chinh-quy_t000_r010,table_row,10.,748020105A,,tin (chuyên ngành Smart logistics) chuong trinh tiên tiến Công nghệ thông,,Mất tiêu đề cột điểm chuẩn (bị parse thành Cột 4 thay vì Điểm trúng tuyển),[Năm 2024 | Hệ Đại học chính quy | Mức điểm chuẩn của Trường Đại học Giao thông Vận tải TPHCM] sinh: 748020105A. Tên ngành/chuyen ngành: tin (chuyên ngành Smart
2024,2024_diem-chuan_dai-hoc-chinh-quy_t000_r011,table_row,"11,",748020106A,,chuong trinh tiên tỉến,,Mất tiêu đề cột điểm chuẩn (bị parse thành Cột 4 thay vì Điểm trúng tuyển); Lỗi chính tả OCR thanh điệu tiếng Việt,[Năm 2024 | Hệ Đại học chính quy | Mức điểm chuẩn của Trường Đại học Giao thông Vận tải TPHCM] sinh: 748020106A. Tên ngành/chuyen ngành: chuong trinh tiên tỉến.
2024,2024_diem-chuan_dai-hoc-chinh-quy_t000_r012,table_row,12,7510104A,,(chuyen Quy hoach và quán lý giao Logistics và ha giao thông) Công thông ngành thông; tâng,,Mất tiêu đề cột điểm chuẩn (bị parse thành Cột 4 thay vì Điểm trúng tuyển),[Năm 2024 | Hệ Đại học chính quy | Mức điểm chuẩn của Trường Đại học Giao thông Vận tải TPHCM] sinh: 7510104A. Tên ngành/chuyen ngành: (chuyen Quy hoach và quán
2024,2024_diem-chuan_dai-hoc-chinh-quy_t000_r013,table_row,13.,7510201A,,Công,,Mất tiêu đề cột điểm chuẩn (bị parse thành Cột 4 thay vì Điểm trúng tuyển); Tên ngành bị cắt cụt hoặc trôi từ giữa các dòng,[Năm 2024 | Hệ Đại học chính quy | Mức điểm chuẩn của Trường Đại học Giao thông Vận tải TPHCM] sinh: 7510201A. Tên ngành/chuyen ngành: Công. Cột 4: 23. Ghi chú:
2024,2024_diem-chuan_dai-hoc-chinh-quy_t000_r014,table_row,14.,75102054,7510205A,chuong trinh tien tiến,,Mất tiêu đề cột điểm chuẩn (bị parse thành Cột 4 thay vì Điểm trúng tuyển); Lỗi OCR đuôi mã ngành: số 4 bị nhận diện nhầm từ chữ A (75102054 -> 7510205A),[Năm 2024 | Hệ Đại học chính quy | Mức điểm chuẩn của Trường Đại học Giao thông Vận tải TPHCM] sinh: 75102054. Tên ngành/chuyen ngành: chuong trinh tien tiến. C
2024,2024_diem-chuan_dai-hoc-chinh-quy_t000_r015,table_row,15.,7510303A,,hóa chưong trinh tiên tiẽn Công dộng,,Mất tiêu đề cột điểm chuẩn (bị parse thành Cột 4 thay vì Điểm trúng tuyển); Lỗi chính tả OCR thanh điệu tiếng Việt,[Năm 2024 | Hệ Đại học chính quy | Mức điểm chuẩn của Trường Đại học Giao thông Vận tải TPHCM] sinh: 7510303A. Tên ngành/chuyen ngành: hóa chưong trinh tiên tiẽ
2024,2024_diem-chuan_dai-hoc-chinh-quy_t000_r016,table_row,16,7510605A,,Logistics và quán lý chuỗi cung ửng chuong trinh tiên,,Mất tiêu đề cột điểm chuẩn (bị parse thành Cột 4 thay vì Điểm trúng tuyển),[Năm 2024 | Hệ Đại học chính quy | Mức điểm chuẩn của Trường Đại học Giao thông Vận tải TPHCM] sinh: 7510605A. Tên ngành/chuyen ngành: Logistics và quán lý chuỗ
2024,2024_diem-chuan_dai-hoc-chinh-quy_t000_r017,table_row,,7510605E,,Logistics và quán lý chuỗi cung chuong trình học hoàn toàn bẳng tiếng Anh ửng,,Mất tiêu đề cột điểm chuẩn (bị parse thành Cột 4 thay vì Điểm trúng tuyển),[Năm 2024 | Hệ Đại học chính quy | Mức điểm chuẩn của Trường Đại học Giao thông Vận tải TPHCM] sinh: 7510605E. Tên ngành/chuyen ngành: Logistics và quán lý chuỗ
2024,2024_diem-chuan_dai-hoc-chinh-quy_t000_r018,table_row,"18,",7520103A,,Kỹ thuật cơ khí (chuyen ngành Quản lý vả khai thác Máy xếp dỡ Xây dựng; Cơ khí tự dộng) chuong trinh tiên tiến,,Mất tiêu đề cột điểm chuẩn (bị parse thành Cột 4 thay vì Điểm trúng tuyển),[Năm 2024 | Hệ Đại học chính quy | Mức điểm chuẩn của Trường Đại học Giao thông Vận tải TPHCM] sinh: 7520103A. Tên ngành/chuyen ngành: Kỹ thuật cơ khí (chuyen n
2024,2024_diem-chuan_dai-hoc-chinh-quy_t000_r019,table_row,19,7520122,,"cóng thúỵ,",,Mất tiêu đề cột điểm chuẩn (bị parse thành Cột 4 thay vì Điểm trúng tuyển); Tên ngành bị cắt cụt hoặc trôi từ giữa các dòng,"[Năm 2024 | Hệ Đại học chính quy | Mức điểm chuẩn của Trường Đại học Giao thông Vận tải TPHCM] sinh: 7520122. Tên ngành/chuyen ngành: cóng thúỵ,. Cột 4: 15. Ghi"
2024,2024_diem-chuan_dai-hoc-chinh-quy_t000_r020,table_row,20.,7520130A,,chuong trinh tíẻn tỉển,,Mất tiêu đề cột điểm chuẩn (bị parse thành Cột 4 thay vì Điểm trúng tuyển); Lỗi chính tả OCR thanh điệu tiếng Việt,[Năm 2024 | Hệ Đại học chính quy | Mức điểm chuẩn của Trường Đại học Giao thông Vận tải TPHCM] sinh: 7520130A. Tên ngành/chuyen ngành: chuong trinh tíẻn tỉển. C
2024,2024_diem-chuan_dai-hoc-chinh-quy_t000_r021,table_row,21 .,7520201,,dien giao thông;,,Mất tiêu đề cột điểm chuẩn (bị parse thành Cột 4 thay vì Điểm trúng tuyển); Tên ngành bị cắt cụt hoặc trôi từ giữa các dòng,[Năm 2024 | Hệ Đại học chính quy | Mức điểm chuẩn của Trường Đại học Giao thông Vận tải TPHCM] sinh: 7520201. Tên ngành/chuyen ngành: dien giao thông;. Cột 4: 2
2024,2024_diem-chuan_dai-hoc-chinh-quy_t000_r022,table_row,22,75202074,,viên thông chưong trinh tiên tiến,,Mất tiêu đề cột điểm chuẩn (bị parse thành Cột 4 thay vì Điểm trúng tuyển),[Năm 2024 | Hệ Đại học chính quy | Mức điểm chuẩn của Trường Đại học Giao thông Vận tải TPHCM] sinh: 75202074. Tên ngành/chuyen ngành: viên thông chưong trinh t
2024,2024_diem-chuan_dai-hoc-chinh-quy_t000_r023,table_row,23.,7520216A,,hóa chuong trinh tiên tiến dộng,,Mất tiêu đề cột điểm chuẩn (bị parse thành Cột 4 thay vì Điểm trúng tuyển),[Năm 2024 | Hệ Đại học chính quy | Mức điểm chuẩn của Trường Đại học Giao thông Vận tải TPHCM] sinh: 7520216A. Tên ngành/chuyen ngành: hóa chuong trinh tiên tiế
2024,2024_diem-chuan_dai-hoc-chinh-quy_t000_r024,table_row,24.,7520320,,Quán lý an toàn và mồi trường),,Mất tiêu đề cột điểm chuẩn (bị parse thành Cột 4 thay vì Điểm trúng tuyển); Tên ngành bị cắt cụt hoặc trôi từ giữa các dòng,[Năm 2024 | Hệ Đại học chính quy | Mức điểm chuẩn của Trường Đại học Giao thông Vận tải TPHCM] sinh: 7520320. Tên ngành/chuyen ngành: Quán lý an toàn và mồi trư
2024,2024_diem-chuan_dai-hoc-chinh-quy_t000_r025,table_row,25.,7580201,,,,Mất tiêu đề cột điểm chuẩn (bị parse thành Cột 4 thay vì Điểm trúng tuyển); Dòng bị thiếu identifier ngành/mã trong parser,[Năm 2024 | Hệ Đại học chính quy | Mức điểm chuẩn của Trường Đại học Giao thông Vận tải TPHCM] sinh: 7580201. Cột 4: 19. Ghi chú: Điếm năm 2024 là đỉểm 3 môn tr
2024,2024_diem-chuan_dai-hoc-chinh-quy_t000_r026,table_row,26.,7580202,,trinh giao thúy) công thông,,Mất tiêu đề cột điểm chuẩn (bị parse thành Cột 4 thay vì Điểm trúng tuyển),[Năm 2024 | Hệ Đại học chính quy | Mức điểm chuẩn của Trường Đại học Giao thông Vận tải TPHCM] sinh: 7580202. Tên ngành/chuyen ngành: trinh giao thúy) công thôn
2024,2024_diem-chuan_dai-hoc-chinh-quy_t000_r027,table_row,27 .,7580205,,Kỹ thuật xãy dựng công trinh giao (chuyen ngành Xây dựng cầu đường; Xây dựng đường bộ; Xây công trinh giao thông dựng thông,,Mất tiêu đề cột điểm chuẩn (bị parse thành Cột 4 thay vì Điểm trúng tuyển),[Năm 2024 | Hệ Đại học chính quy | Mức điểm chuẩn của Trường Đại học Giao thông Vận tải TPHCM] sinh: 7580205. Tên ngành/chuyen ngành: Kỹ thuật xãy dựng công tri
2024,2024_diem-chuan_dai-hoc-chinh-quy_t000_r028,table_row,28,758030101A,,chuong trinh tỉên tỉến,,Mất tiêu đề cột điểm chuẩn (bị parse thành Cột 4 thay vì Điểm trúng tuyển),[Năm 2024 | Hệ Đại học chính quy | Mức điểm chuẩn của Trường Đại học Giao thông Vận tải TPHCM] sinh: 758030101A. Tên ngành/chuyen ngành: chuong trinh tỉên tỉến.
2024,2024_diem-chuan_dai-hoc-chinh-quy_t000_r029,table_row,29,758030103A,,sán) chưong trinh tien tiến dộng,,Mất tiêu đề cột điểm chuẩn (bị parse thành Cột 4 thay vì Điểm trúng tuyển); Tên ngành bị cắt cụt hoặc trôi từ giữa các dòng,[Năm 2024 | Hệ Đại học chính quy | Mức điểm chuẩn của Trường Đại học Giao thông Vận tải TPHCM] sinh: 758030103A. Tên ngành/chuyen ngành: sán) chưong trinh tien 
2024,2024_diem-chuan_dai-hoc-chinh-quy_t000_r030,table_row,30.,7580302A,,Quản lý xẩy dựng chuong trinh tiẻn tiến,,Mất tiêu đề cột điểm chuẩn (bị parse thành Cột 4 thay vì Điểm trúng tuyển),[Năm 2024 | Hệ Đại học chính quy | Mức điểm chuẩn của Trường Đại học Giao thông Vận tải TPHCM] sinh: 7580302A. Tên ngành/chuyen ngành: Quản lý xẩy dựng chuong t
2024,2024_diem-chuan_dai-hoc-chinh-quy_t000_r031,table_row,31,784010101A,,da phuong thửc),,Mất tiêu đề cột điểm chuẩn (bị parse thành Cột 4 thay vì Điểm trúng tuyển); Tên ngành bị cắt cụt hoặc trôi từ giữa các dòng,[Năm 2024 | Hệ Đại học chính quy | Mức điểm chuẩn của Trường Đại học Giao thông Vận tải TPHCM] sinh: 784010101A. Tên ngành/chuyen ngành: da phuong thửc). Cột 4:
2024,2024_diem-chuan_dai-hoc-chinh-quy_t000_r032,table_row,32,7840101024,784010102A,tái) ngành,,Mất tiêu đề cột điểm chuẩn (bị parse thành Cột 4 thay vì Điểm trúng tuyển); Lỗi OCR đuôi mã ngành: số 4 bị nhận diện nhầm từ chữ A (7840101024 -> 784010102A); Tên ngành bị cắt cụt hoặc trôi từ giữa các dòng,[Năm 2024 | Hệ Đại học chính quy | Mức điểm chuẩn của Trường Đại học Giao thông Vận tải TPHCM] sinh: 7840101024. Tên ngành/chuyen ngành: tái) ngành. Cột 4: 22. 
2024,2024_diem-chuan_dai-hoc-chinh-quy_t000_r033,table_row,33,784010401A,,Kinh tế vận tải (chuyên ngành Kinh tể vận tái biển) chuong trinh tiên tiến,,Mất tiêu đề cột điểm chuẩn (bị parse thành Cột 4 thay vì Điểm trúng tuyển),[Năm 2024 | Hệ Đại học chính quy | Mức điểm chuẩn của Trường Đại học Giao thông Vận tải TPHCM] sinh: 784010401A. Tên ngành/chuyen ngành: Kinh tế vận tải (chuyên
2024,2024_diem-chuan_dai-hoc-chinh-quy_t000_r034,table_row,34.,7840104024,784010402A,chuong trinh tỉên tỉến,,Mất tiêu đề cột điểm chuẩn (bị parse thành Cột 4 thay vì Điểm trúng tuyển); Lỗi OCR đuôi mã ngành: số 4 bị nhận diện nhầm từ chữ A (7840104024 -> 784010402A),[Năm 2024 | Hệ Đại học chính quy | Mức điểm chuẩn của Trường Đại học Giao thông Vận tải TPHCM] sinh: 7840104024. Tên ngành/chuyen ngành: chuong trinh tỉên tỉến.
2024,2024_diem-chuan_dai-hoc-chinh-quy_t000_r035,table_row,35.,7840106,,Khoa học hàng,,Mất tiêu đề cột điểm chuẩn (bị parse thành Cột 4 thay vì Điểm trúng tuyển),[Năm 2024 | Hệ Đại học chính quy | Mức điểm chuẩn của Trường Đại học Giao thông Vận tải TPHCM] sinh: 7840106. Tên ngành/chuyen ngành: Khoa học hàng. Cột 4: 19. 
2024,2024_diem-chuan_dai-hoc-chinh-quy_t000_r036,table_row,36.,784010604A,,Khoa học hàng hái (chuyên ngành Quán lý hàng hái) chuong trinh tỉên tỉến,,Mất tiêu đề cột điểm chuẩn (bị parse thành Cột 4 thay vì Điểm trúng tuyển),[Năm 2024 | Hệ Đại học chính quy | Mức điểm chuẩn của Trường Đại học Giao thông Vận tải TPHCM] sinh: 784010604A. Tên ngành/chuyen ngành: Khoa học hàng hái (chuy
2024,2024_diem-chuan_dai-hoc-chinh-quy_t000_r037,table_row,37,784010606,,Khoa hoc hảng,,Mất tiêu đề cột điểm chuẩn (bị parse thành Cột 4 thay vì Điểm trúng tuyển),[Năm 2024 | Hệ Đại học chính quy | Mức điểm chuẩn của Trường Đại học Giao thông Vận tải TPHCM] sinh: 784010606. Tên ngành/chuyen ngành: Khoa hoc hảng. Cột 4: 16
2024,2024_diem-chuan_dai-hoc-chinh-quy_t000_r038,table_row,38.,784010607,,Khoa học hàng hái (chuyên ngành Khai thác máy tàu thủy và quán lý kỹ thuật),,Mất tiêu đề cột điểm chuẩn (bị parse thành Cột 4 thay vì Điểm trúng tuyển); Tên ngành bị cắt cụt hoặc trôi từ giữa các dòng,[Năm 2024 | Hệ Đại học chính quy | Mức điểm chuẩn của Trường Đại học Giao thông Vận tải TPHCM] sinh: 784010607. Tên ngành/chuyen ngành: Khoa học hàng hái (chuyê
2024,2024_diem-chuan_dai-hoc-chinh-quy_t000_r039,table_row,39.,784010609A,,Khoa học hàng hải (chuyên ngành Quản lý cáng vả logistics) chuong trinh tỉên tỉển,,Mất tiêu đề cột điểm chuẩn (bị parse thành Cột 4 thay vì Điểm trúng tuyển),[Năm 2024 | Hệ Đại học chính quy | Mức điểm chuẩn của Trường Đại học Giao thông Vận tải TPHCM] sinh: 784010609A. Tên ngành/chuyen ngành: Khoa học hàng hải (chuy
